service,avg_eta_drift,drift_variability,avg_volatility
85A,42.0,,42.0
58B,38.0,,38.0
139A,37.666666666666664,0.5773502691896257,37.666666666666664
9B,36.25,0.9574271077563381,36.25
95B,33.57142857142857,0.5345224838248486,33.57142857142857
502A,27.428571428571427,12.71294803021894,27.428571428571427
60T,25.0,8.067893720848652,25.0
159B,25.0,0.0,25.0
173A,24.857142857142858,0.3779644730092272,24.857142857142858
58A,23.3,4.105195680956921,23.3
34B,21.88888888888889,0.6009252125773314,21.88888888888889
71A,20.77777777777778,5.8261860976495115,20.77777777777778
29A,20.666666666666668,25.311394008759507,31.0
127A,20.0,0.0,20.0
973A,20.0,0.0,20.0
854e,20.0,,20.0
676,18.75,1.2583057392117916,18.75
671,18.5625,10.171651783265094,18.5625
97e,18.2,4.559189280623445,18.2
88B,17.714285714285715,3.87156441106318,17.714285714285715
79T,17.625,0.5175491695067661,17.625
154A,17.53846153846154,7.975121572901827,17.53846153846154
92A,17.1,0.3162277660168378,17.1
51A,17.0,0.0,17.0
78A,16.8,2.573367875415838,16.8
18A,16.642857142857142,2.239750771064387,16.642857142857142
62A,14.961538461538462,18.926028905603694,21.692307692307693
991A,14.8,0.4472135954999579,14.8
661,14.666666666666666,4.618802153517006,14.666666666666666
966A,14.555555555555555,10.824428574675617,17.77777777777778
663,14.5,2.8216198293778807,14.5
68B,14.416666666666666,5.961365513695565,14.416666666666666
656,14.285714285714286,0.7559289460184545,14.285714285714286
105B,14.0,0.6123724356957946,14.0
974A,14.0,1.4142135623730951,14.0
222A,13.823529411764707,8.323425482618672,13.823529411764707
137A,13.6,0.5163977794943221,13.6
145A,13.5,4.700096710803842,13.5
925M,13.5,0.5773502691896255,13.5
36A,13.39622641509434,7.357203750384613,13.660377358490566
9A,13.153846153846153,5.459642140991689,13.153846153846153
667,12.875,1.457737973711325,12.875
86B,12.875,8.123012577445225,12.875
30e,12.821428571428571,3.438324871514895,12.821428571428571
5B,12.764705882352942,15.71038435145965,19.352941176470587
7A,12.380952380952381,6.826014213732853,12.412698412698413
129B,12.222222222222221,28.18145568355979,29.11111111111111
73T,12.176470588235293,9.084569982377035,14.647058823529411
675,12.0,0.7071067811865478,12.0
15A,11.909090909090908,1.868397465987655,11.909090909090908
965T,11.869565217391305,12.549191744440563,15.0
670,11.727272727272727,0.7862453931068963,11.727272727272727
131A,11.5,6.214309861828869,11.5
386A,11.375,26.19382878974868,27.0
14e,11.256410256410257,0.9095385966738333,11.256410256410257
811A,11.117647058823529,11.02549306499275,11.470588235294118
45A,11.0,0.0,11.0
125A,11.0,0.0,11.0
10e,10.96,6.3373206209770725,11.88
652,10.88888888888889,2.9931137898065554,10.88888888888889
163A,10.777777777777779,14.562399941750401,17.055555555555557
158A,10.674418604651162,19.09963965034364,20.441860465116278
660M,10.666666666666666,0.5773502691896257,10.666666666666666
660,10.571428571428571,4.649628761422531,10.571428571428571
674,10.551724137931034,3.4182932969596704,10.551724137931034
50A,10.205882352941176,16.954090257828295,17.970588235294116
963e,10.095238095238095,19.219533714179338,19.428571428571427
94A,10.05,0.9445132413883326,10.05
33A,9.857142857142858,10.647189176615457,13.714285714285714
96B,9.8,3.547299442298794,9.8
871A,9.7,6.954799117820066,11.55
868E,9.6,7.011102306738617,9.6
668,9.2,3.6514837167011076,9.2
39B,8.916666666666666,1.2401124093721454,8.916666666666666
112B,8.866666666666667,9.948917146149745,11.933333333333334
106A,8.647058823529411,3.040172208744684,8.647058823529411
655,8.642857142857142,4.06877684998146,8.642857142857142
188e,8.58974358974359,7.35103984308539,10.128205128205128
183B,8.4,0.5982430416161189,8.4
86A,8.307692307692308,1.4935759876113537,8.307692307692308
850E,8.25,1.707825127659933,8.25
60A,8.09375,19.00485400644929,19.71875
856C,7.9,19.86772044773818,19.1
70B,7.894736842105263,2.53628636750894,7.894736842105263
975C,7.838709677419355,0.4543694673976518,7.838709677419355
196A,7.786516853932584,9.127221908953507,9.44943820224719
102A,7.758620689655173,9.148205024616239,10.931034482758621
90A,7.75,14.437104972950776,14.460526315789474
163B,7.6375,16.756063516141314,15.2625
807B,7.48,0.5859465277082316,7.48
174e,7.196078431372549,12.560285996494088,12.92156862745098
859T,7.1208791208791204,13.403013893926301,14.505494505494505
653,7.119047619047619,5.623133320413143,8.119047619047619
3A,7.073394495412844,13.407230237076165,14.009174311926605
222B,6.896551724137931,23.53317540893252,20.0
982E,6.8,10.77419757259599,12.16
168A,6.714285714285714,21.68809872657413,20.142857142857142
983M,6.666666666666667,1.5275252316519468,6.666666666666667
109A,6.602941176470588,16.200368252569945,16.544117647058822
853M,6.3959899749373434,13.628914871064142,13.573934837092732
43e,6.311111111111111,20.18643265889403,19.91111111111111
89A,6.214285714285714,1.05090228108783,6.214285714285714
179A,6.181818181818182,1.7357957866601164,6.181818181818182
196e,6.136363636363637,0.7743171827921034,6.136363636363637
181M,5.823529411764706,6.147213620341955,6.098039215686274
7B,5.571428571428571,22.228491179246063,18.0
240M,5.516666666666667,20.828184674525964,19.916666666666668
961M,5.4728682170542635,18.585522409940445,17.72609819121447
70A,5.454545454545454,15.177089837780363,15.151515151515152
518A,5.428571428571429,28.791533146957992,27.142857142857142
858A,5.3125,11.312130025520645,11.3125
39A,5.0,13.730488548827157,13.9
268B,4.892857142857143,26.0389157277167,24.25
89e,4.829268292682927,11.22986892254727,10.0
860T,4.794117647058823,15.447458209738333,14.647058823529411
36B,4.732142857142857,9.622872509010776,9.803571428571429
178A,4.714285714285714,13.148193792304706,10.46938775510204
856A,4.633333333333334,8.640255956191677,8.3
159A,4.593333333333334,16.48554244238529,15.113333333333333
249A,4.5,8.729406145069069,9.4
154B,4.382352941176471,8.971384494627662,9.029411764705882
116A,4.375,17.54127784887488,14.125
452,4.3238095238095235,15.229964921227872,14.285714285714286
142A,4.222222222222222,22.247346907989826,19.77777777777778
35M,4.092783505154639,16.870883741317712,15.65979381443299
113A,4.009708737864078,16.832796620621227,14.941747572815533
856B,3.195876288659794,16.882337401888485,15.010309278350515
189A,2.913793103448276,18.111045851942944,16.396551724137932
268C,2.9,25.15517359551887,21.166666666666668
198A,2.6923076923076925,14.190581247920964,12.692307692307692
451,2.6493506493506493,7.7963659445421545,5.766233766233766
190A,2.6166666666666667,10.418516219980113,8.783333333333333
44,2.588235294117647,19.85222091810545,18.147058823529413
382A,2.5,0.5477225575051661,2.5
951E,2.4864864864864864,11.004094242148696,10.27027027027027
80A,2.4423076923076925,17.51837390620539,14.878205128205128
27A,2.364485981308411,7.67056678352141,6.906542056074766
241A,2.3442622950819674,12.751320514495273,10.311475409836065
453,2.172727272727273,8.85132975124667,7.736363636363636
665,2.1707317073170733,14.010536105061059,12.560975609756097
177,2.165079365079365,17.208483305764158,15.644444444444444
147A,2.139393939393939,20.868898836662208,19.278787878787877
861B,2.066666666666667,16.147879829516498,14.666666666666666
248,2.0401146131805157,21.241593225213744,19.29512893982808
98A,2.0208333333333335,7.490389824055359,5.9375
100A,2.0185185185185186,15.233375483648462,12.722222222222221
672,2.0,,2.0
240A,1.96,7.897678983937833,7.16
268A,1.9591836734693877,19.04376449094019,16.20408163265306
117M,1.9341383095499451,15.428176318150062,13.326015367727772
107M,1.9110169491525424,19.761006377745115,17.923728813559322
17A,1.864864864864865,19.662833646934693,16.56756756756757
807A,1.8101265822784811,17.157696896853153,12.79746835443038
195A,1.7941176470588236,20.455379226813537,16.61764705882353
68A,1.7894736842105263,18.00178678591045,15.473684210526315
182,1.7709923664122138,15.660491425869218,13.44165757906216
70M,1.7679425837320575,18.632049551579335,16.60287081339713
979X,1.717741935483871,13.779070073682872,12.137096774193548
55B,1.64,20.61932750277435,17.0
31A,1.6153846153846154,16.879807007646285,14.2
16M,1.5805243445692885,21.97037442334847,20.43445692883895
118A,1.4838709677419355,12.063791407082787,10.150537634408602
981,1.4566929133858268,13.118346026031057,11.4251968503937
298X,1.4102564102564104,14.385050565163052,12.777777777777779
2B,1.4,21.883423190312705,19.1
72A,1.3428571428571427,17.46920459676678,15.628571428571428
160A,1.3092105263157894,16.252247344397162,14.269736842105264
960e,1.2608695652173914,22.760157567500983,20.089855072463767
115,1.2391304347826086,21.772895359414555,20.695652173913043
118B,1.2376237623762376,18.882875053789604,15.871287128712872
12e,1.2183098591549295,20.685470728372355,18.420187793427232
98M,1.2164383561643837,20.185620203933713,18.66849315068493
138M,1.1875,23.423625325816996,21.1875
91,1.1662870159453302,19.644957121151037,18.136674259681094
248M,1.121686746987952,19.960356053888788,18.097590361445782
191,1.096774193548387,22.15481615170023,20.63594470046083
34A,1.0930232558139534,19.05016776642307,16.441860465116278
94,1.0863095238095237,17.25658879967077,14.833333333333334
6,1.074964639321075,16.660202910273807,14.056577086280056
400,1.0629213483146067,22.452263585107655,20.635955056179775
182M,1.032258064516129,16.188755223147226,13.123470522803114
98B,1.0,15.60384567983162,12.168316831683168
403,0.9921996879875195,19.697039791807864,18.024960998439937
851e,0.9836734693877551,22.342521275409386,20.15918367346939
518,0.9344530929946743,20.333767365758526,18.473986071282262
255,0.9132075471698113,16.913359426921225,14.576100628930817
192,0.9099056603773585,18.621712830977252,16.577830188679247
253,0.9039408866995073,17.021872756675943,15.334975369458128
40,0.8862629246676514,20.527966346737976,18.821270310192023
19,0.8842620943049602,15.716177610544058,13.408450704225352
230M,0.8836477987421384,18.595367199622924,16.852201257861637
137,0.8729576525508503,19.422075334407605,17.590530176725576
143M,0.8674568965517241,19.241571578357213,17.251077586206897
247,0.863406408094435,18.25959241806884,16.345137717819
903M,0.8571428571428571,6.1169164345008555,5.510204081632653
194,0.8571428571428571,18.614809998921864,16.764705882352942
167,0.8547892720306514,23.1332232859824,21.001149425287355
150,0.8547854785478548,22.18640865772237,20.82838283828383
254,0.8488593155893536,18.47046060518849,16.33555133079848
506,0.8480243161094225,22.265949559370476,20.775075987841944
859A,0.8423529411764706,20.637164088615027,18.376470588235293
178,0.8419063615368465,20.231171114081782,18.35691790888096
141,0.8381171067738232,20.583899691090693,18.931113662456944
63M,0.8349673202614379,20.108793701669384,18.36437908496732
35,0.8343337334933973,18.286815410421635,16.17406962785114
384,0.8336886993603412,17.874743899818018,15.50319829424307
502,0.8308605341246291,20.657774428523123,18.977532852903774
913M,0.8254950495049505,21.9989409118169,20.620049504950494
22,0.8112788632326821,18.274485391150172,16.213587921847246
146,0.8085399449035813,19.296967317648704,17.411845730027547
269A,0.8076923076923077,21.027637491205198,19.884615384615383
200,0.806680881307747,20.30306329674567,18.59772565742715
107,0.798941798941799,18.66821860248488,16.457431457431458
64,0.7887856897144823,19.17900530435243,17.200206398348815
199,0.7860851505711319,14.67067214358323,12.597092419522326
912,0.7793047696038804,20.270755278997093,17.81083265966047
257,0.776840490797546,17.48500202800332,15.212423312883436
71,0.7708737864077669,20.47263574449261,18.92233009708738
83,0.7664442326024785,18.51690425435808,16.449952335557676
127,0.7619738751814223,19.822136575650344,17.9288824383164
18,0.7587844254510921,20.508262195616357,18.961063627730294
114,0.7564102564102564,17.81667995915596,15.428205128205128
120,0.7547169811320755,19.541408454961193,17.74882075471698
169B,0.75,15.545864821343272,14.5
871,0.7483108108108109,18.55957282977994,16.49268018018018
93,0.747821034282394,19.29006704549045,17.43579314352121
16,0.74762072611914,18.355708946560842,16.218188227000354
56,0.7472222222222222,20.275259585437396,18.635
175,0.7447765141496958,20.00509663457718,18.384025390108437
307T,0.7404129793510325,19.37722358625672,17.57227138643068
246,0.7399605003291639,19.008462930390788,17.196840026333113
258,0.7372413793103448,17.631354391287257,15.915172413793103
14,0.7312367354813815,19.52528377361226,17.32973181555084
993,0.727710843373494,20.33478728101913,18.93975903614458
9,0.7253545485991006,15.398713956902405,12.736423382912488
143,0.7246236974141258,18.314364586460332,16.210922423774605
2,0.7176642946839682,18.78823366716278,16.53767266638761
148,0.7151515151515152,19.048671750884573,17.216161616161617
37,0.7128279883381924,15.311482600847715,12.849854227405247
183,0.7104571728849185,17.818566002221694,15.139253809774042
138,0.7099856665074057,19.914431689891213,18.07548972766364
123,0.7099612812390004,19.280463439872154,17.19288982752552
251,0.7084130019120459,16.672185987836098,14.496175908221797
30,0.708234434909622,18.393434604892597,16.29085265656381
53M,0.7074829931972789,14.99846081310721,13.395918367346939
140,0.7063655030800822,19.231964777482933,17.694045174537987
132,0.7038472183780792,20.17767916731475,18.362856352062
153,0.7008740692780835,18.93727380753793,17.071220459695695
21X,0.7,14.195561048735346,11.638461538461538
123M,0.7,17.957104364934366,16.031764705882352
42,0.6945169712793734,17.990357510654132,16.449086161879894
165,0.6944980694980695,19.215216148487958,17.40299227799228
307A,0.6927480916030534,18.848268679221103,16.94083969465649
11,0.6910919540229885,20.847254870616734,19.280172413793103
158,0.6878980891719745,20.04995920060471,18.321201091901727
43,0.6814038286235187,18.504508180757462,16.446672743846854
296,0.6762402088772846,19.10622892550984,17.281984334203656
155,0.6755373592630501,18.210810722609196,16.245138178096212
112,0.6739130434782609,18.57440441134412,16.581382385730212
119,0.6735924932975871,20.349693359238795,18.534182305630026
21,0.668270194427741,17.8399504099048,15.738224093004611
381,0.6679139382600561,17.419991245372113,15.023386342376053
57,0.6674684305472038,18.918568831755223,17.03126879134095
852,0.6651754989676532,21.84687136772288,20.46627666896077
32,0.6649746192893401,20.483479271889625,18.819930537002403
28,0.6572063178677197,18.167891819254617,15.968163869693978
970,0.6571729957805907,19.555138476503494,17.907383966244726
174,0.6566776781500708,17.937751081427837,15.718027371401604
860,0.6546672247802428,19.273141373872377,17.055671829217246
186,0.6543824701195219,20.794779479170042,19.18625498007968
54,0.6504317789291882,18.86008789291187,17.107081174438687
134,0.648910411622276,17.309131659204716,15.409200968523002
20,0.6475988700564972,17.804179281399374,15.75776836158192
48,0.6467633928571429,17.706989671928895,15.674665178571429
185,0.6431666010240252,18.831912841475326,17.1220953131154
122,0.6430138990490124,20.72471365455977,19.184345281638624
855,0.6419270833333334,19.467358014494202,17.607552083333335
7,0.6374740124740125,16.720824827384696,14.857328482328482
139,0.6334056399132321,17.830149578629044,15.950418345212272
382G,0.632688927943761,14.058869687021621,11.943760984182777
156,0.6316699604743083,19.459396309931858,17.548666007905137
104,0.6283315078495801,18.082693353914358,16.113545089448703
72B,0.625,2.648797657854987,2.0625
95,0.6248715313463515,19.601431828866716,17.656731757451183
135,0.6245235069885642,17.157564233245377,15.137865311308767
46,0.6231470923603193,19.898801304142133,18.084948688711517
882,0.6213483146067416,15.792858888775973,13.756179775280899
82,0.6200126662444585,20.503392522770596,18.711209626345788
79,0.6129550321199143,18.801063892110278,16.335653104925054
33,0.6117755289788408,18.63220641693849,16.636614535418584
133,0.6110940851976708,16.960131762562135,14.954949433037083
102,0.6100046317739695,16.61918261295874,14.498842056507643
358,0.608139534883721,12.330288810316482,10.547674418604652
166,0.6061259706643658,18.362000452851376,16.065573770491802
195,0.6057073954983923,17.377385936912248,15.157958199356914
52,0.6054333764553687,18.260495346529872,16.409443725743856
173,0.6042240587695134,18.367363873043068,16.2534435261708
228,0.6024734982332155,16.068077789513957,13.848056537102474
927,0.6024208566108007,18.727337561425628,16.850093109869647
24,0.6004313831221354,15.970406823136674,13.730655163116744
193,0.5970787317420734,19.52961907972099,17.53687210545066
59,0.5969756738987508,18.44880481951954,16.34319526627219
85,0.5967573221757322,17.91260398213867,15.664748953974895
77,0.5947176684881603,19.492980727111043,17.695506982392228
15,0.5910765452312731,15.545243016884859,13.056078591895211
117,0.5882610600087604,19.19966318308051,17.169075777485766
39,0.5877650330205074,17.00998938823557,14.765033020507474
97,0.5863636363636363,19.106909973877798,16.990909090909092
118,0.5828877005347594,14.660509923879392,12.302436125965539
961,0.5806859205776174,17.661666192061723,15.473104693140794
109,0.5786367660076719,18.745533063355552,16.62997934493951
298,0.5777777777777777,16.17917421708569,14.382491582491582
230,0.5765182186234817,19.210459380706634,17.557894736842105
130,0.5762473647224174,19.271649358732233,17.234715390021083
990,0.573134328358209,17.808797308648987,16.08955223880597
125,0.5701239399869537,18.882619961314365,16.82191780821918
976,0.5690909090909091,18.319921979086267,16.314545454545456
129,0.5656795747911921,18.7388061274727,16.577069096431284
197,0.5648666816043021,18.495538191983844,16.409365897378446
960,0.5646453089244852,16.061001293932915,14.197368421052632
58,0.5646050214329456,18.04353140395234,15.935701163502756
69,0.5645695364238411,14.940505143140062,12.45364238410596
111,0.5626134301270418,17.20629100063334,15.189655172413794
31,0.5617749419953596,15.6814166990364,13.588457076566126
65,0.5615679590967192,15.880115717101702,13.777162334895612
12,0.5582597458539738,17.694588069500814,15.265991815636442
26,0.5580749652938455,16.487775516354866,14.3341045812124
5,0.5578338590956887,19.276530062264527,17.05678233438486
75,0.5569032258064516,18.530348788841376,16.41393548387097
70,0.5565548253199585,15.85277750964363,13.179176755447942
317,0.5564648117839607,15.736351649915061,13.826513911620294
105,0.5563480741797432,16.51164792992547,14.466951973371375
62,0.5561652679147837,17.18336152271542,14.547127178825049
45,0.554695388757994,18.45943648343493,16.350723662066645
965,0.5533049040511727,17.441799135174787,15.254797441364605
189,0.549812030075188,15.242454449675384,12.427631578947368
8,0.5497787610619469,15.24997995254509,12.858038348082596
371,0.5483870967741935,15.35699010869447,13.276497695852534
61,0.545826036193812,17.8018358163708,15.66199649737303
980,0.5449401523394994,17.56144427932963,15.318824809575625
41,0.5435103244837758,19.446481253167182,17.770648967551622
106,0.5419391526869491,16.52022465096891,14.381575206141598
60,0.5411140583554377,13.714562965761846,11.671087533156498
23,0.5381222432262129,16.28889648050206,13.944549464398236
36,0.5370196813495782,16.582043613244682,13.84161199625117
110,0.5369886858137511,13.199213298171918,11.22106179286336
47,0.5316686967113277,17.934453975049347,15.865408038976858
963,0.5282964665326055,17.46947635884694,15.009192760700948
168,0.5261472785485592,13.935233048616293,11.60298826040555
386,0.5249343832020997,16.476241256681778,14.333333333333334
160,0.5245411865130175,19.788358623490222,16.860008536064875
307,0.5239567233384853,14.823654236910702,13.125193199381762
113,0.5228571428571429,17.25417203654902,15.37657142857143
53,0.5224913494809689,14.815363985668782,12.44699591066373
145,0.5205707491082046,15.72795506602939,13.585017835909632
121,0.5201021059349075,14.96370911701833,13.067645181876197
3,0.5184563758389261,17.078143022101663,14.764093959731543
975,0.5177349097697573,14.034199581485915,11.797759800871189
10,0.5141162029459901,18.363812077596528,16.078355155482814
972,0.5107724645296899,17.605316703111733,15.003678402522333
851,0.5089263263766658,15.546143533087609,13.323610761880815
181,0.507396449704142,14.538987840757894,12.794378698224852
13,0.5067355186349349,16.964311080123018,14.838123035473732
67,0.5050183208539111,14.91950513630569,12.780946311932452
81,0.5037445802128498,17.36187280047237,15.436342136381553
853,0.5032780563054378,19.30571764656695,17.4473582722715
925A,0.5,0.7071067811865476,0.5
967,0.4990403071017274,19.630019235293904,17.96545105566219
76,0.49834741094381196,19.588818266773167,17.708042600073448
136,0.49758842443729906,17.416282440903906,15.27331189710611
299,0.4961340206185567,19.182653064248065,17.40077319587629
4,0.49582463465553234,16.163657627472794,14.289144050104385
80,0.4957493320378917,18.98466963499703,17.018460043721156
99,0.4945464982778416,12.680178843794502,10.629448909299656
159,0.49361702127659574,15.719076074790319,13.75531914893617
116,0.4875,15.838408991262707,13.64375
329,0.4867162592986185,15.243941382937251,13.577045696068012
49,0.48659440958357103,17.842856912229923,15.375356531660012
151,0.485955822197982,17.04734931251429,14.691028088355605
100,0.48580518844836024,15.740759965268301,13.466715614292706
240,0.48406374501992033,12.511526048928257,10.294156706507303
17,0.48204667863554757,16.5694884878925,14.41113105924596
229,0.48156424581005586,15.694134821533908,13.654748603351955
359,0.48142957252978275,14.247271776522823,11.529782761037142
161,0.47962962962962963,14.64398022225202,12.41172839506173
73,0.47739969527679027,15.288041388455952,13.457592686642966
985,0.477015558698727,17.593547089499015,15.724540311173975
324,0.47692307692307695,15.46372466861657,13.793846153846154
974,0.47505800464037123,16.40848851520362,14.398491879350349
374,0.4738330975954738,16.580743545842893,14.708628005657708
86,0.4641604010025063,18.02862133653665,15.727318295739348
972M,0.46384653221839645,19.636053644166726,17.531234628627644
154,0.4634146341463415,15.377855643640912,13.024582293067025
984,0.4624773960216998,18.299086704822347,16.297920433996385
198,0.4611164891900613,17.743237780601824,15.262020006453694
913T,0.4594594594594595,5.9920914299733194,4.693693693693693
92,0.4593698175787728,14.21067067721705,12.248756218905474
196,0.4590340664079344,15.770483675991954,13.418068132815868
51,0.45856900452488686,18.147387049579386,15.780967194570136
68,0.4530087897227857,16.39974429878563,14.500338066260987
84G,0.4523449319213313,16.827905614536554,14.776096822995461
34,0.4512860483242401,15.487747918190164,12.890880748246298
66,0.4512785072563925,19.160317941881818,16.923980649619903
147,0.4495291902071563,14.726833787996773,12.632956685499058
96,0.44759825327510916,15.722514648321775,13.443231441048034
90,0.4474885844748858,18.554843127001867,16.407305936073058
912B,0.44603629417383,14.237090393694302,12.57593123209169
131,0.4453685116145684,17.99996288883041,15.836822483510181
78,0.4447821681864235,17.85683167683694,15.419452887537993
805,0.439873417721519,12.892073953553327,10.962025316455696
325,0.4346456692913386,15.872474342638688,13.596850393700787
188,0.4343928280358598,17.923011728519402,15.505840804129313
157,0.43275129778197263,16.104569883729468,14.152902312411515
861A,0.4318181818181818,18.10485959082209,12.886363636363637
282,0.43028846153846156,16.465515506064328,14.40625
201,0.42846212700841624,15.449221799758336,13.293037490436113
242,0.4271186440677966,11.263955019680713,9.172881355932203
859,0.4263356718834323,15.673835257314678,13.547760388559093
63,0.4255700743018191,16.798349728160538,14.607481424545222
854,0.4235138705416116,14.949104168836312,12.775429326287979
55,0.4228898426323319,17.59493806985148,15.486123032904148
966,0.42208165612420934,15.464056696715135,12.802760207015526
950,0.419921875,14.411937647829376,10.517578125
382W,0.41975308641975306,13.991295802848745,12.070546737213403
88,0.4189152357590624,14.803742704451704,12.384028345598256
74,0.41695278969957084,14.852518594228039,12.419098712446353
973,0.416195856873823,16.889284129540606,15.033898305084746
124,0.4129979035639413,15.37511271632959,13.45163222521713
243G,0.4114671163575042,9.488399925592713,7.504215851602024
252,0.4108463434675431,18.402136622144926,16.363188167625307
162,0.4088594704684318,19.578007115926937,17.566700610997962
72,0.4042486722899094,12.291370222361005,10.064354889097157
163,0.40418410041841,16.205668730610167,14.010320781032078
171,0.4031117397454031,16.3039127183648,14.21074964639321
870,0.4,16.08625166304748,14.243564356435643
176,0.3936400867260901,16.663203759834314,14.264514574801252
801,0.3909512761020882,13.237631986269108,10.940835266821345
170,0.3895839394821065,20.47836920007539,17.92755309863253
803,0.38620689655172413,12.39863204523144,10.344827586206897
187,0.3826058201058201,16.144242360196486,13.72255291005291
249,0.38185975609756095,16.78076175601921,14.62576219512195
179,0.3806881243063263,8.99039141240141,7.037735849056604
975B,0.375,9.11072550069072,7.708333333333333
103,0.37396408839779005,17.385261628665685,15.220649171270718
354,0.37176470588235294,14.480896750520081,12.390588235294118
222,0.3686165273909007,13.439547258712585,11.297121634168988
883,0.3673792557403009,16.08514232161487,13.74505146476643
410W,0.36469221835075494,13.319835123789172,11.409988385598142
901,0.34856175972927245,12.179045374455407,10.785109983079526
272,0.34623217922606925,16.454336351070072,14.60285132382892
859B,0.34505494505494505,18.71222046299061,16.762637362637363
285,0.3436123348017621,15.490774992653662,13.236417033773861
804,0.3419633225458468,11.739735079060132,9.565264293419633
101,0.33464345873104995,14.903369510014183,12.91184727681078
372,0.33180252583237657,12.82083026119005,10.446613088404133
861,0.3257086026852312,15.508939179077304,13.33416210840378
89,0.32495164410058025,16.32863924049478,13.511283043197936
84W,0.3236151603498542,16.32356039569273,13.775510204081632
284,0.3219178082191781,11.868785448426648,10.280821917808218
50,0.31404011461318054,15.398814149925842,13.071633237822349
269,0.3137931034482759,12.274728896612661,10.720689655172414
172,0.3130550621669627,15.594174381003056,13.27486678507993
273,0.3128834355828221,16.71967090442777,14.631901840490798
38,0.30974842767295596,19.012924959376413,17.07285115303983
180,0.3095938787522072,15.20947479208231,12.533254855797528
335,0.30796460176991153,16.17401026027692,14.012389380530973
184,0.3076923076923077,14.442099835433746,12.325443786982248
231,0.30447330447330445,15.95263745624344,14.053391053391053
170X,0.3029126213592233,14.567750323120793,10.714563106796117
812,0.3002291825821238,13.051210880681621,11.194041252864782
872,0.29789473684210527,16.51077164730133,14.093684210526316
291,0.297148114075437,12.560828832400487,9.943882244710212
969,0.2965142598460842,12.368269344415037,10.04753282028067
904,0.2895981087470449,12.596235394374052,11.112293144208039
225G,0.2794871794871795,10.618233323567388,9.294871794871796
857,0.2754927163667524,13.723837022040653,10.944730077120823
243W,0.274442538593482,9.227749238201904,7.214408233276158
800,0.2722772277227723,12.076998887092621,10.668316831683168
858,0.26937394247038915,11.943043265631701,9.612859560067681
25,0.26774397972116604,13.318989652685643,10.83871989860583
912A,0.2655440414507772,12.451856104850586,10.69559585492228
991,0.2592,15.640232661145756,13.265066666666666
241,0.25874125874125875,9.722849352622898,8.023776223776224
87,0.25227568270481143,14.115666033159716,11.724317295188557
190,0.24594813614262562,11.809110508148397,9.378849270664505
262,0.24505494505494504,16.481691437387177,14.546153846153846
410G,0.24442082890541977,13.247311377534421,11.069075451647183
301,0.24147727272727273,10.927469976646979,9.886363636363637
806,0.24084507042253522,10.326395136754732,8.004225352112677
941,0.24081632653061225,14.212592543186593,12.268027210884354
901M,0.2374331550802139,13.01503371536016,11.32620320855615
232,0.22784810126582278,12.377613144323709,10.359493670886076
900,0.21711229946524063,9.854668031764604,8.101604278074866
225W,0.21710526315789475,11.997754335065903,10.375
333,0.21604139715394566,16.475878155445997,14.309184993531694
825,0.2159090909090909,18.40472431833406,16.369318181818183
856,0.21471774193548387,13.423518748233235,10.832997311827956
27,0.21398795738767948,11.680309420448081,9.471977767484947
292,0.21223021582733814,16.464045283260358,14.517985611510792
265,0.21113243761996162,12.22564018929671,9.741522712731927
29,0.20849005910800644,19.428572046115764,17.443310048361095
235,0.20833333333333334,11.491086008148224,9.950203252032521
315,0.2078125,13.142888327336268,10.809375
169,0.19824196160074023,13.151126574564605,10.82327087670599
920,0.1958610495195861,14.966656649325028,12.964523281596453
913,0.19030390738060782,8.683798912751419,6.919681620839364
911T,0.1875,9.128491938943972,6.46875
945,0.18019257221458046,14.68406469223457,12.458046767537827
302,0.1782608695652174,8.739038849834927,7.165217391304348
811,0.1751740139211137,9.188712746157444,7.31322505800464
947,0.1726078799249531,13.607143750373229,12.022514071294559
142,0.1713917525773196,16.231399474451827,14.230670103092784
807,0.16974900924702774,9.526023580220018,7.566050198150594
293,0.1659361302442079,11.981005929643121,9.594865372573576
334,0.16422287390029325,13.565107570614153,11.454545454545455
261,0.15469613259668508,11.73689152798123,9.123388581952117
979,0.14427860696517414,14.30812399028851,11.766169154228855
98,0.14358974358974358,17.59793723016946,14.760839160839161
238,0.14120667522464697,6.798274700389837,5.383825417201541
922,0.122568093385214,13.655254486560468,11.394941634241246
268,0.09711779448621553,16.24514292961655,13.280075187969924
983,0.09099616858237548,11.898272688353897,9.454980842911878
903,0.08472686733556299,9.820916588169787,8.423634336677814
911,0.08212147134302823,9.171226797705861,7.591103507271172
962,0.07380281690140846,14.307449747641167,11.939718309859154
992,0.06119027661357921,11.069432073706492,8.80553227158424
302A,0.027777777777777776,22.465605775929994,18.25
179B,0.02666666666666667,16.582287304598612,13.36
925,-0.05952380952380952,18.132553798815174,15.979166666666666
300,-0.06976744186046512,10.429150060962764,7.710963455149502
964,-0.26737967914438504,14.509656943756346,11.349732620320856
13A,-0.75,22.1472345903501,20.05
857B,-1.155844155844156,14.18400223293179,10.480519480519481
112A,-1.206896551724138,21.84912438641883,19.75862068965517
5A,-1.3157894736842106,15.315397595517132,13.421052631578947
129A,-1.8333333333333333,21.586331253126293,17.0
902,-2.0,1.4142135623730951,2.0
88A,-3.7142857142857144,21.61936228006796,20.071428571428573
83T,-5.323529411764706,23.350712906170155,21.264705882352942
180A,-6.055555555555555,0.9375953110592338,6.055555555555555
102B,-6.277777777777778,22.22030220463618,20.166666666666668
96A,-7.833333333333333,18.894827142729387,15.333333333333334
117A,-21.75,21.46591983320804,28.25
138A,-25.0,0.6666666666666666,25.0
33B,-42.0,,42.0
