service,avg_eta_drift,drift_variability,avg_volatility
85A,42.0,null,42.0
58B,38.0,null,38.0
139A,37.666666666666664,0.5773502691896257,37.666666666666664
9B,36.25,0.9574271077563381,36.25
95B,33.57142857142857,0.5345224838248497,33.57142857142857
29A,31.0,0.0,31.0
502A,27.428571428571427,12.71294803021894,27.428571428571427
60T,25.0,8.06789372084865,25.0
159B,25.0,0.0,25.0
173A,24.857142857142858,0.3779644730092273,24.857142857142858
58A,23.3,4.105195680956921,23.3
34B,21.88888888888889,0.6009252125773312,21.88888888888889
71A,20.77777777777778,5.826186097649511,20.77777777777778
127A,20.0,0.0,20.0
973A,20.0,0.0,20.0
854e,20.0,null,20.0
676,18.75,1.2583057392117911,18.75
671,18.5625,10.171651783265096,18.5625
97e,18.2,4.5591892806234435,18.2
88B,17.714285714285715,3.8715644110631797,17.714285714285715
79T,17.625,0.5175491695067661,17.625
154A,17.53846153846154,7.975121572901827,17.53846153846154
92A,17.1,0.3162277660168377,17.1
51A,17.0,0.0,17.0
78A,16.8,2.573367875415838,16.8
18A,16.642857142857142,2.239750771064387,16.642857142857142
62A,14.961538461538462,18.926028905603697,21.692307692307693
991A,14.8,0.4472135954999579,14.8
661,14.666666666666666,4.618802153517006,14.666666666666666
966A,14.555555555555555,10.824428574675617,17.77777777777778
663,14.5,2.8216198293778807,14.5
68B,14.416666666666666,5.961365513695565,14.416666666666666
656,14.285714285714286,0.7559289460184543,14.285714285714286
105B,14.0,0.6123724356957948,14.0
974A,14.0,1.4142135623730951,14.0
222A,13.823529411764707,8.323425482618672,13.823529411764707
137A,13.6,0.5163977794943224,13.6
145A,13.5,4.700096710803842,13.5
925M,13.5,0.5773502691896255,13.5
36A,13.39622641509434,7.357203750384614,13.660377358490566
9A,13.153846153846153,5.459642140991689,13.153846153846153
86B,12.875,8.123012577445225,12.875
667,12.875,1.457737973711325,12.875
30e,12.821428571428571,3.438324871514895,12.821428571428571
5B,12.764705882352942,15.71038435145965,19.352941176470587
7A,12.380952380952381,6.826014213732854,12.412698412698413
129B,12.222222222222221,28.181455683559793,29.11111111111111
73T,12.176470588235293,9.084569982377035,14.647058823529411
675,12.0,0.7071067811865476,12.0
15A,11.909090909090908,1.868397465987655,11.909090909090908
965T,11.869565217391305,12.549191744440563,15.0
670,11.727272727272727,0.7862453931068963,11.727272727272727
131A,11.5,6.214309861828869,11.5
386A,11.375,26.19382878974868,27.0
14e,11.256410256410257,0.9095385966738336,11.256410256410257
811A,11.117647058823529,11.025493064992748,11.470588235294118
45A,11.0,0.0,11.0
125A,11.0,0.0,11.0
10e,10.96,6.3373206209770725,11.88
652,10.88888888888889,2.9931137898065554,10.88888888888889
163A,10.777777777777779,14.562399941750401,17.055555555555557
158A,10.674418604651162,19.09963965034364,20.441860465116278
660M,10.666666666666666,0.5773502691896257,10.666666666666666
660,10.571428571428571,4.649628761422531,10.571428571428571
674,10.551724137931034,3.41829329695967,10.551724137931034
50A,10.205882352941176,16.954090257828295,17.970588235294116
963e,10.095238095238095,19.219533714179338,19.428571428571427
94A,10.05,0.9445132413883328,10.05
33A,9.857142857142858,10.647189176615457,13.714285714285714
96B,9.8,3.547299442298794,9.8
871A,9.7,6.954799117820066,11.55
868E,9.6,7.011102306738617,9.6
668,9.2,3.6514837167011076,9.2
39B,8.916666666666666,1.2401124093721456,8.916666666666666
112B,8.866666666666667,9.948917146149745,11.933333333333334
106A,8.647058823529411,3.040172208744684,8.647058823529411
655,8.642857142857142,4.06877684998146,8.642857142857142
188e,8.58974358974359,7.351039843085391,10.128205128205128
183B,8.4,0.5982430416161187,8.4
86A,8.307692307692308,1.4935759876113537,8.307692307692308
850E,8.25,1.707825127659933,8.25
60A,8.09375,19.00485400644929,19.71875
856C,7.9,19.867720447738176,19.1
70B,7.894736842105263,2.5362863675089407,7.894736842105263
975C,7.838709677419355,0.4543694673976518,7.838709677419355
196A,7.786516853932584,9.127221908953507,9.44943820224719
102A,7.758620689655173,9.148205024616239,10.931034482758621
90A,7.75,14.437104972950776,14.460526315789474
163B,7.6375,16.756063516141317,15.2625
807B,7.48,0.5859465277082315,7.48
174e,7.196078431372549,12.56028599649409,12.92156862745098
859T,7.1208791208791204,13.4030138939263,14.505494505494505
653,7.119047619047619,5.623133320413142,8.119047619047619
3A,7.073394495412844,13.407230237076165,14.009174311926605
222B,6.896551724137931,23.53317540893252,20.0
982E,6.8,10.774197572595991,12.16
168A,6.714285714285714,21.68809872657413,20.142857142857142
983M,6.666666666666667,1.5275252316519468,6.666666666666667
109A,6.602941176470588,16.200368252569945,16.544117647058822
853M,6.3959899749373434,13.628914871064142,13.573934837092732
43e,6.2444444444444445,20.195203147250837,19.862222222222222
89A,6.214285714285714,1.05090228108783,6.214285714285714
179A,6.181818181818182,1.7357957866601168,6.181818181818182
196e,6.136363636363637,0.7743171827921034,6.136363636363637
181M,5.823529411764706,6.147213620341955,6.098039215686274
7B,5.571428571428571,22.228491179246067,18.0
240M,5.516666666666667,20.82818467452596,19.916666666666668
961M,5.4728682170542635,18.58552240994045,17.72609819121447
70A,5.454545454545454,15.177089837780363,15.151515151515152
518A,5.428571428571429,28.791533146958,27.142857142857142
858A,5.3125,11.312130025520645,11.3125
39A,5.0,13.730488548827156,13.9
268B,4.892857142857143,26.038915727716706,24.25
89e,4.829268292682927,11.22986892254727,10.0
860T,4.794117647058823,15.447458209738333,14.647058823529411
36B,4.732142857142857,9.622872509010774,9.803571428571429
178A,4.714285714285714,13.148193792304706,10.46938775510204
856A,4.633333333333334,8.640255956191677,8.3
159A,4.593333333333334,16.48554244238529,15.113333333333333
249A,4.5,8.729406145069069,9.4
154B,4.382352941176471,8.971384494627662,9.029411764705882
116A,4.375,17.54127784887488,14.125
452,4.3238095238095235,15.229964921227872,14.285714285714286
142A,4.222222222222222,22.247346907989826,19.77777777777778
35M,4.092783505154639,16.870883741317716,15.65979381443299
113A,4.009708737864078,16.832796620621227,14.941747572815533
856B,3.195876288659794,16.882337401888485,15.010309278350515
189A,2.913793103448276,18.111045851942944,16.396551724137932
268C,2.9,25.155173595518868,21.166666666666668
198A,2.8153846153846156,14.138701659465926,12.6
451,2.6493506493506493,7.7963659445421545,5.766233766233766
190A,2.6166666666666667,10.418516219980113,8.783333333333333
44,2.588235294117647,19.852220918105452,18.147058823529413
382A,2.5,0.5477225575051661,2.5
951E,2.4864864864864864,11.004094242148696,10.27027027027027
80A,2.4423076923076925,17.51837390620539,14.878205128205128
27A,2.364485981308411,7.67056678352141,6.906542056074766
241A,2.3442622950819674,12.751320514495273,10.311475409836065
453,2.172727272727273,8.85132975124667,7.736363636363636
665,2.1707317073170733,14.010536105061057,12.560975609756097
177,2.165079365079365,17.20848330576416,15.644444444444444
147A,2.139393939393939,20.868898836662204,19.278787878787877
861B,2.066666666666667,16.147879829516498,14.666666666666666
248,2.0401146131805157,21.24159322521375,19.29512893982808
98A,2.0208333333333335,7.490389824055359,5.9375
100A,2.0185185185185186,15.233375483648464,12.722222222222221
672,2.0,null,2.0
240A,1.96,7.897678983937833,7.16
268A,1.9591836734693877,19.04376449094019,16.20408163265306
117M,1.9341383095499451,15.428176318150062,13.326015367727772
107M,1.9110169491525424,19.761006377745115,17.923728813559322
17A,1.864864864864865,19.66283364693469,16.56756756756757
807A,1.8101265822784811,17.15769689685315,12.79746835443038
195A,1.7941176470588236,20.455379226813537,16.61764705882353
68A,1.7894736842105263,18.00178678591045,15.473684210526315
182,1.7709923664122138,15.66049142586922,13.44165757906216
70M,1.7679425837320575,18.63204955157934,16.60287081339713
979X,1.717741935483871,13.779070073682872,12.137096774193548
55B,1.64,20.61932750277435,17.0
31A,1.6153846153846154,16.879807007646285,14.2
16M,1.5805243445692885,21.97037442334847,20.43445692883895
118A,1.4838709677419355,12.063791407082787,10.150537634408602
981,1.4566929133858268,13.118346026031055,11.4251968503937
298X,1.4102564102564104,14.385050565163048,12.777777777777779
2B,1.4,21.883423190312705,19.1
72A,1.3428571428571427,17.469204596766776,15.628571428571428
160A,1.3092105263157894,16.252247344397162,14.269736842105264
960e,1.2608695652173914,22.760157567500983,20.089855072463767
115,1.2391304347826086,21.772895359414555,20.695652173913043
118B,1.2376237623762376,18.8828750537896,15.871287128712872
12e,1.2183098591549295,20.685470728372355,18.420187793427232
98M,1.2164383561643837,20.185620203933716,18.66849315068493
138M,1.1875,23.423625325816996,21.1875
91,1.1662870159453302,19.64495712115104,18.136674259681094
248M,1.121686746987952,19.960356053888788,18.097590361445782
191,1.096774193548387,22.154816151700228,20.63594470046083
34A,1.0930232558139534,19.05016776642307,16.441860465116278
94,1.0863095238095237,17.256588799670766,14.833333333333334
6,1.074964639321075,16.660202910273803,14.056577086280056
400,1.0629213483146067,22.452263585107655,20.635955056179775
182M,1.032258064516129,16.188755223147226,13.123470522803114
98B,1.0,15.603845679831624,12.168316831683168
403,0.9921996879875195,19.697039791807864,18.024960998439937
851e,0.9836734693877551,22.342521275409386,20.15918367346939
518,0.9344530929946743,20.333767365758533,18.473986071282262
192,0.9169811320754717,18.620795368115186,16.576415094339623
255,0.9132075471698113,16.913359426921225,14.576100628930817
253,0.9039408866995073,17.015786801669066,15.334975369458128
40,0.8862629246676514,20.51822122730933,18.814377154111277
19,0.8842620943049602,15.70685667246326,13.401102265768523
230M,0.8836477987421384,18.595367199622924,16.852201257861637
137,0.8729576525508503,19.42406742211029,17.59719906635545
143M,0.8674568965517241,19.2736131864898,17.283405172413794
247,0.863406408094435,18.25959241806884,16.345137717819
903M,0.8571428571428571,6.116916434500856,5.510204081632653
194,0.8571428571428571,18.61480999892186,16.764705882352942
167,0.8547892720306514,23.112685486716106,20.97816091954023
150,0.8547854785478548,22.22065233705984,20.858085808580856
254,0.8488593155893536,18.47046060518849,16.33555133079848
506,0.8480243161094225,22.265949559370476,20.775075987841944
859A,0.8423529411764706,20.637164088615027,18.376470588235293
178,0.8419063615368465,20.230766297272343,18.35691790888096
141,0.8381171067738232,20.583899691090693,18.931113662456944
63M,0.8349673202614379,20.10879370166938,18.36437908496732
35,0.8343337334933973,18.30166350596588,16.190876350540215
384,0.8336886993603412,17.874743899818018,15.50319829424307
502,0.8308605341246291,20.657774428523123,18.977532852903774
913M,0.8254950495049505,21.980401172184877,20.582920792079207
22,0.8174955595026643,18.263800556950795,16.19849023090586
146,0.8085399449035813,19.296967317648704,17.411845730027547
269A,0.8076923076923077,21.027637491205198,19.884615384615383
200,0.806680881307747,20.30306329674567,18.59772565742715
107,0.798941798941799,18.668218602484878,16.457431457431458
64,0.7887856897144823,19.179005304352433,17.200206398348815
199,0.7860851505711319,14.670672143583232,12.597092419522326
912,0.7793047696038804,20.270755278997097,17.81083265966047
257,0.776840490797546,17.48500202800332,15.212423312883436
71,0.7708737864077669,20.47263574449261,18.92233009708738
83,0.7664442326024785,18.51690425435808,16.449952335557676
127,0.7619738751814223,19.822136575650347,17.9288824383164
18,0.7587844254510921,20.50826219561635,18.961063627730294
114,0.7564102564102564,17.816679959155962,15.428205128205128
120,0.7547169811320755,19.541408454961196,17.74882075471698
169B,0.75,15.545864821343274,14.5
871,0.7483108108108109,18.548672097529032,16.480292792792792
93,0.747821034282394,19.285848263194616,17.42998256827426
16,0.74762072611914,18.355708946560842,16.218188227000354
56,0.7472222222222222,20.264893727671907,18.622777777777777
175,0.7447765141496958,20.00509663457717,18.384025390108437
307T,0.7404129793510325,19.37722358625672,17.57227138643068
246,0.7399605003291639,19.008462930390788,17.196840026333113
258,0.7372413793103448,17.631354391287253,15.915172413793103
14,0.7312367354813815,19.52528377361225,17.32973181555084
993,0.727710843373494,20.33478728101913,18.93975903614458
9,0.7253545485991006,15.398713956902407,12.736423382912488
143,0.7246236974141258,18.3062900226718,16.199343882670785
2,0.7180828798660528,18.769813382634357,16.51381331100879
148,0.7151515151515152,19.009204906609064,17.171717171717173
37,0.7128279883381924,15.311482600847711,12.849854227405247
183,0.7104571728849185,17.818566002221694,15.139253809774042
138,0.7099856665074057,19.924990329406572,18.086000955566174
123,0.7099612812390004,19.280463439872157,17.19288982752552
251,0.7084130019120459,16.672185987836095,14.496175908221797
30,0.708234434909622,18.394675597202863,16.294504290670076
53M,0.7074829931972789,14.998460813107208,13.395918367346939
140,0.7063655030800822,19.246708466043124,17.71047227926078
153,0.7054062803496277,18.929665287242145,17.05956620265458
132,0.7038472183780792,20.16153698973344,18.346249654027126
123M,0.7,17.968055019335186,16.041176470588237
21X,0.7,14.195561048735344,11.638461538461538
42,0.6945169712793734,17.990357510654135,16.449086161879894
165,0.6944980694980695,19.211284012140382,17.399131274131275
307A,0.6927480916030534,18.848268679221103,16.94083969465649
11,0.6910919540229885,20.83627801896535,19.271551724137932
158,0.6878980891719745,20.049959200604714,18.321201091901727
43,0.6814038286235187,18.504508180757462,16.446672743846854
296,0.6762402088772846,19.106228925509843,17.281984334203656
155,0.6755373592630501,18.206650001224727,16.23797338792221
112,0.6739130434782609,18.57440441134412,16.581382385730212
119,0.6735924932975871,20.339308852657215,18.51407506702413
21,0.668270194427741,17.8399504099048,15.738224093004611
381,0.6679139382600561,17.38491073333624,14.989710009354537
57,0.6674684305472038,18.915754821747047,17.03126879134095
852,0.6651754989676532,21.84687136772288,20.46627666896077
32,0.6649746192893401,20.48347927188962,18.819930537002403
28,0.6572063178677197,18.16789181925462,15.968163869693978
970,0.6571729957805907,19.555138476503497,17.907383966244726
174,0.6566776781500708,17.930749922494382,15.711420481359132
54,0.6552677029360967,18.868731032311274,17.117443868739205
860,0.6546672247802428,19.268708419245808,17.05316031812474
186,0.6543824701195219,20.78455545951726,19.17297476759628
134,0.648910411622276,17.32499096151812,15.425343018563357
20,0.6475988700564972,17.80417928139937,15.75776836158192
185,0.6431666010240252,18.83191284147533,17.1220953131154
48,0.6431361607142857,17.71288181779722,15.676618303571429
122,0.6430138990490124,20.724713654559775,19.184345281638624
855,0.6419270833333334,19.46778618827951,17.607552083333335
7,0.6374740124740125,16.720824827384696,14.857328482328482
139,0.6334056399132321,17.830149578629044,15.950418345212272
382G,0.632688927943761,14.058869687021621,11.943760984182777
156,0.6316699604743083,19.45939630993186,17.548666007905137
104,0.6283315078495801,18.082693353914365,16.113545089448703
72B,0.625,2.648797657854987,2.0625
95,0.6248715313463515,19.601431828866716,17.656731757451183
46,0.6231470923603193,19.898801304142133,18.084948688711517
882,0.6213483146067416,15.792858888775969,13.756179775280899
135,0.6210292249047014,17.16677283493763,15.147712833545109
82,0.6200126662444585,20.503392522770596,18.711209626345788
79,0.6129550321199143,18.801063892110278,16.335653104925054
33,0.6117755289788408,18.62825509783697,16.632934682612696
133,0.6110940851976708,16.950820399004282,14.946368372663194
102,0.6100046317739695,16.619182612958742,14.498842056507643
358,0.608139534883721,12.330288810316482,10.547674418604652
166,0.6061259706643658,18.35454957149528,16.059102674719586
195,0.6057073954983923,17.377385936912248,15.157958199356914
52,0.6054333764553687,18.25792621111888,16.40103492884864
173,0.6042240587695134,18.377614665137454,16.264462809917354
228,0.6024734982332155,16.034035226778858,13.828621908127209
927,0.6024208566108007,18.719373463763063,16.850093109869647
24,0.6004313831221354,15.970406823136676,13.730655163116744
193,0.5970787317420734,19.529619079720998,17.53687210545066
59,0.5969756738987508,18.44880481951954,16.34319526627219
85,0.5967573221757322,17.91260398213867,15.664748953974895
77,0.5947176684881603,19.486343089116783,17.687006678809958
15,0.5910765452312731,15.536257630933136,13.047073270568973
39,0.5877650330205074,17.00998938823557,14.765033020507474
118,0.5828877005347594,14.660509923879392,12.302436125965539
117,0.5821287779237845,19.181491120381857,17.150678931230836
961,0.5806859205776174,17.657801843642925,15.465162454873646
97,0.5799242424242425,19.10507369373552,16.992045454545455
109,0.5786367660076719,18.745533063355555,16.62997934493951
298,0.5777777777777777,16.17917421708569,14.382491582491582
230,0.5765182186234817,19.210459380706634,17.557894736842105
130,0.5762473647224174,19.27389261391542,17.234715390021083
990,0.573134328358209,17.80879730864899,16.08955223880597
125,0.5701239399869537,18.871001412372838,16.807566862361384
976,0.5690909090909091,18.31992197908627,16.314545454545456
129,0.5656795747911921,18.7388061274727,16.577069096431284
197,0.5648666816043021,18.49553819198384,16.409365897378446
960,0.5646453089244852,16.05679645795462,14.194508009153319
58,0.5646050214329456,18.043531403952343,15.935701163502756
69,0.5645695364238411,14.940505143140062,12.45364238410596
111,0.5626134301270418,17.206291000633342,15.189655172413794
31,0.5617749419953596,15.680491668147596,13.588457076566126
65,0.5615679590967192,15.880115717101702,13.777162334895612
12,0.5582597458539738,17.694588069500814,15.265991815636442
26,0.5580749652938455,16.48777551635487,14.3341045812124
5,0.5578338590956887,19.276530062264527,17.05678233438486
70,0.5565548253199585,15.852777509643632,13.179176755447942
317,0.5564648117839607,15.736351649915063,13.826513911620294
105,0.5563480741797432,16.50951619435894,14.465525439847836
62,0.5561652679147837,17.183361522715416,14.547127178825049
75,0.5556129032258065,18.527608258764296,16.41058064516129
45,0.554695388757994,18.45943648343493,16.350723662066645
965,0.5533049040511727,17.441799135174787,15.254797441364605
189,0.549812030075188,15.242454449675385,12.427631578947368
8,0.5497787610619469,15.258032453727537,12.864675516224189
371,0.5483870967741935,15.356990108694474,13.276497695852534
61,0.545826036193812,17.79830153090457,15.659369527145358
980,0.5449401523394994,17.56144427932963,15.318824809575625
41,0.5435103244837758,19.446481253167182,17.770648967551622
106,0.5419391526869491,16.52487234856077,14.389536536821154
60,0.5411140583554377,13.714562965761848,11.671087533156498
23,0.5381222432262129,16.28889648050206,13.944549464398236
36,0.5370196813495782,16.58204361324468,13.84161199625117
110,0.5369886858137511,13.19921329817192,11.22106179286336
963,0.5354783108302212,17.459080801176654,14.999712726228095
47,0.5316686967113277,17.934453975049347,15.865408038976858
3,0.5271812080536913,17.06747463078894,14.760738255033557
168,0.5261472785485592,13.935233048616292,11.60298826040555
386,0.5249343832020997,16.476241256681774,14.333333333333334
160,0.5245411865130175,19.788358623490222,16.860008536064875
307,0.5239567233384853,14.823654236910702,13.125193199381762
113,0.5228571428571429,17.25417203654902,15.37657142857143
53,0.5224913494809689,14.81536398566878,12.44699591066373
145,0.5205707491082046,15.727955066029386,13.585017835909632
121,0.5201021059349075,14.950474152487732,13.054881940012763
975,0.5177349097697573,14.034199581485915,11.797759800871189
10,0.5141162029459901,18.363611505876932,16.078355155482814
972,0.5107724645296899,17.595817439346792,14.991066736731476
13,0.5089806915132465,16.96510428068485,14.840368208352043
851,0.5089263263766658,15.546143533087609,13.323610761880815
181,0.507396449704142,14.538987840757894,12.794378698224852
67,0.5050183208539111,14.917838996286804,12.780946311932452
81,0.5037445802128498,17.36187280047237,15.436342136381553
853,0.5032780563054378,19.308655048316865,17.4473582722715
925A,0.5,0.7071067811865476,0.5
967,0.4990403071017274,19.630019235293904,17.96545105566219
76,0.49834741094381196,19.588818266773167,17.708042600073448
136,0.49758842443729906,17.41757526864924,15.271704180064308
299,0.4961340206185567,19.182653064248065,17.40077319587629
4,0.49582463465553234,16.16365762747279,14.289144050104385
80,0.4957493320378917,18.98466963499703,17.018460043721156
99,0.4945464982778416,12.680178843794502,10.629448909299656
159,0.49361702127659574,15.72209979037505,13.75531914893617
116,0.4875,15.79391812954344,13.6046875
329,0.4867162592986185,15.243522654851802,13.577045696068012
49,0.48659440958357103,17.842856912229927,15.375356531660012
151,0.485955822197982,17.041812021902615,14.691028088355605
100,0.48580518844836024,15.742610527421997,13.468673519334311
240,0.48406374501992033,12.511526048928257,10.294156706507303
17,0.48204667863554757,16.569488487892503,14.41113105924596
229,0.48156424581005586,15.69413482153391,13.654748603351955
359,0.48142957252978275,14.236586853878174,11.529782761037142
161,0.47962962962962963,14.64398022225202,12.41172839506173
73,0.47739969527679027,15.28804138845595,13.457592686642966
985,0.477015558698727,17.593547089499015,15.724540311173975
324,0.47692307692307695,15.46372466861657,13.793846153846154
974,0.47505800464037123,16.40848851520362,14.398491879350349
374,0.4738330975954738,16.580743545842893,14.708628005657708
51,0.46733597285067874,18.144591458873045,15.778704751131222
198,0.46563407550822844,17.751449899675375,15.269764440141982
972M,0.46384653221839645,19.636053644166733,17.531234628627644
154,0.4634146341463415,15.380615925013238,13.028039178029575
984,0.4624773960216998,18.299086704822347,16.297920433996385
913T,0.4594594594594595,5.9920914299733194,4.693693693693693
196,0.4590340664079344,15.770483675991958,13.418068132815868
68,0.4530087897227857,16.399744298785635,14.500338066260987
84G,0.4523449319213313,16.827905614536554,14.776096822995461
34,0.4512860483242401,15.48669064194775,12.890880748246298
66,0.4512785072563925,19.160317941881818,16.923980649619903
147,0.4495291902071563,14.726833787996773,12.632956685499058
92,0.4494195688225539,14.228672314920766,12.2636815920398
96,0.44759825327510916,15.722514648321773,13.443231441048034
90,0.4474885844748858,18.55415342498115,16.394520547945206
86,0.44661654135338347,18.026324568896918,15.715789473684211
912B,0.44603629417383,14.213299357766328,12.553008595988539
131,0.4453685116145684,17.999899141534403,15.83739604244336
78,0.4447821681864235,17.85683167683694,15.419452887537993
805,0.439873417721519,12.892073953553329,10.962025316455696
325,0.4346456692913386,15.87247434263869,13.596850393700787
157,0.43275129778197263,16.10015805755873,14.14818310523832
188,0.4319478402607987,17.926898684642932,15.507742461287693
861A,0.4318181818181818,18.10485959082209,12.886363636363637
282,0.43028846153846156,16.465515506064328,14.40625
201,0.42846212700841624,15.449221799758334,13.293037490436113
242,0.4271186440677966,11.263955019680713,9.172881355932203
859,0.4263356718834323,15.67383525731468,13.547760388559093
63,0.4255700743018191,16.798349728160538,14.607481424545222
55,0.4228898426323319,17.601362094192062,15.49241773962804
966,0.42208165612420934,15.464056696715135,12.802760207015526
854,0.4200792602377807,14.956120403371429,12.780977542932629
950,0.419921875,14.411937647829376,10.517578125
382W,0.41975308641975306,13.991295802848743,12.070546737213403
88,0.4189152357590624,14.803300709946962,12.384028345598256
74,0.41695278969957084,14.852056145143253,12.419098712446353
973,0.416195856873823,16.889284129540606,15.033898305084746
124,0.4129979035639413,15.375112716329589,13.45163222521713
243G,0.4114671163575042,9.488399925592713,7.504215851602024
252,0.4108463434675431,18.402136622144923,16.363188167625307
162,0.4088594704684318,19.578007115926937,17.566700610997962
163,0.40418410041841,16.194301325924734,13.994700139470014
171,0.4031117397454031,16.29592375857612,14.1994342291372
72,0.40174945329584505,12.295976859869928,10.070602936582318
870,0.4,16.08625166304748,14.243564356435643
176,0.3936400867260901,16.664678699820843,14.264514574801252
801,0.3909512761020882,13.237631986269106,10.940835266821345
170,0.3895839394821065,20.47836920007539,17.92755309863253
803,0.38620689655172413,12.372587251772254,10.317241379310344
187,0.3826058201058201,16.150080984345113,13.724537037037036
249,0.38185975609756095,16.78076175601921,14.62576219512195
179,0.3806881243063263,8.989402648140935,7.037735849056604
975B,0.375,9.11072550069072,7.708333333333333
103,0.37396408839779005,17.381605397097314,15.217886740331492
354,0.37176470588235294,14.480896750520081,12.390588235294118
222,0.3686165273909007,13.439547258712583,11.297121634168988
883,0.3673792557403009,16.10640962728451,13.764053840063342
410W,0.36469221835075494,13.319835123789172,11.409988385598142
901,0.34856175972927245,12.179045374455407,10.785109983079526
272,0.34623217922606925,16.454336351070076,14.60285132382892
859B,0.34505494505494505,18.71222046299061,16.762637362637363
285,0.3436123348017621,15.47500806393672,13.20704845814978
804,0.3419633225458468,11.739735079060132,9.565264293419633
101,0.33464345873104995,14.903369510014182,12.91184727681078
372,0.33180252583237657,12.82083026119005,10.446613088404133
861,0.3257086026852312,15.503966124982265,13.329189457981103
89,0.32495164410058025,16.32863924049478,13.511283043197936
84W,0.3236151603498542,16.324186409987867,13.775510204081632
284,0.3219178082191781,11.868785448426648,10.280821917808218
50,0.3169054441260745,15.396782340565897,13.068767908309455
269,0.3137931034482759,12.274728896612661,10.720689655172414
172,0.3130550621669627,15.594174381003056,13.27486678507993
273,0.3128834355828221,16.7479585760129,14.644171779141104
38,0.30974842767295596,19.004290337221715,17.06236897274633
180,0.3095938787522072,15.20947479208231,12.533254855797528
335,0.30796460176991153,16.17401026027692,14.012389380530973
184,0.3076923076923077,14.442065675547008,12.324457593688363
231,0.30447330447330445,15.952637456243442,14.053391053391053
170X,0.3029126213592233,14.56775032312079,10.714563106796117
812,0.3002291825821238,13.05121088068162,11.194041252864782
872,0.29789473684210527,16.52671929873602,14.108421052631579
291,0.297148114075437,12.560828832400487,9.943882244710212
969,0.2965142598460842,12.368269344415037,10.04753282028067
904,0.2895981087470449,12.588341016290997,11.098108747044916
225G,0.2794871794871795,10.618233323567388,9.294871794871796
857,0.2754927163667524,13.717839030452247,10.935304198800342
243W,0.274442538593482,9.227749238201904,7.214408233276158
800,0.2722772277227723,12.076998887092621,10.668316831683168
858,0.26937394247038915,11.9430432656317,9.612859560067681
25,0.26774397972116604,13.318989652685643,10.83871989860583
912A,0.2655440414507772,12.451856104850586,10.69559585492228
991,0.2592,15.634841042653065,13.258666666666667
241,0.25874125874125875,9.7228493526229,8.023776223776224
87,0.25227568270481143,14.097836429760731,11.707845687039445
190,0.24594813614262562,11.809110508148397,9.378849270664505
262,0.24505494505494504,16.504769879185062,14.55934065934066
410G,0.24442082890541977,13.247311377534418,11.069075451647183
301,0.24147727272727273,10.92746997664698,9.886363636363637
806,0.24084507042253522,10.32639513675473,8.004225352112677
941,0.24081632653061225,14.212592543186595,12.268027210884354
901M,0.2374331550802139,13.01503371536016,11.32620320855615
232,0.22784810126582278,12.37761314432371,10.359493670886076
900,0.21711229946524063,9.854668031764605,8.101604278074866
225W,0.21710526315789475,11.997754335065903,10.375
333,0.21604139715394566,16.502430386506603,14.342820181112549
825,0.2159090909090909,18.404724318334065,16.369318181818183
856,0.21471774193548387,13.423518748233235,10.832997311827956
27,0.21398795738767948,11.691214384045809,9.482167670217693
292,0.21223021582733814,16.464045283260354,14.517985611510792
265,0.21113243761996162,12.219826208174696,9.740243122200896
29,0.20849005910800644,19.444283592852756,17.458355722729713
235,0.20833333333333334,11.491086008148226,9.950203252032521
315,0.2078125,13.142888327336268,10.809375
169,0.19824196160074023,13.152709894378765,10.824658801758039
920,0.1958610495195861,14.966656649325024,12.964523281596453
913,0.19030390738060782,8.678877705534935,6.912445730824891
911T,0.1875,9.128491938943972,6.46875
945,0.18019257221458046,14.68406469223457,12.458046767537827
302,0.1782608695652174,8.739038849834927,7.165217391304348
811,0.1751740139211137,9.188712746157444,7.31322505800464
947,0.1726078799249531,13.591939788298607,12.01125703564728
142,0.1713917525773196,16.231399474451827,14.230670103092784
807,0.16974900924702774,9.526023580220016,7.566050198150594
293,0.1659361302442079,11.975775123261776,9.588603631809644
334,0.16422287390029325,13.563664860910007,11.44672531769306
261,0.15469613259668508,11.73689152798123,9.123388581952117
979,0.14427860696517414,14.31428653599957,11.773276474769013
98,0.14358974358974358,17.597937230169457,14.760839160839161
238,0.14120667522464697,6.798274700389836,5.383825417201541
922,0.122568093385214,13.655254486560468,11.394941634241246
268,0.09711779448621553,16.20952053427263,13.25
983,0.09099616858237548,11.836062812409967,9.412835249042146
903,0.08472686733556299,9.836019399726116,8.439241917502788
911,0.08212147134302823,9.171226797705861,7.591103507271172
962,0.07380281690140846,14.307449747641169,11.939718309859154
992,0.06119027661357921,11.069432073706492,8.80553227158424
302A,0.027777777777777776,22.465605775929998,18.25
179B,0.02666666666666667,16.582287304598612,13.36
925,-0.05952380952380952,18.134250624949047,15.979166666666666
300,-0.06976744186046512,10.429150060962765,7.710963455149502
964,-0.26737967914438504,14.509656943756344,11.349732620320856
13A,-0.75,22.1472345903501,20.05
857B,-1.155844155844156,14.184002232931794,10.480519480519481
112A,-1.206896551724138,21.84912438641883,19.75862068965517
5A,-1.3157894736842106,15.315397595517132,13.421052631578947
129A,-1.8333333333333333,21.586331253126293,17.0
902,-2.0,1.4142135623730951,2.0
88A,-3.7142857142857144,21.61936228006796,20.071428571428573
83T,-5.323529411764706,23.35071290617016,21.264705882352942
180A,-6.055555555555555,0.9375953110592337,6.055555555555555
102B,-6.277777777777778,22.22030220463618,20.166666666666668
96A,-7.833333333333333,18.894827142729387,15.333333333333334
117A,-21.75,21.46591983320804,28.25
138A,-25.0,0.6666666666666666,25.0
33B,-42.0,null,42.0
